Grupo BancoEstado,BancoEstado,SAC(MESON),Escritorio de Negocio,Infraestructura,Capa de presentación,Morande,Aplicación PU,IIS,VS3K-PLTESC01P,VS3K-PLTESC02P,VS3K-PLTESC03P,VS3K-PLTESC04P,VS3K-PLTESC05P,VS3K-PLTESC06P,VS3K-PLTESC07P
Grupo BancoEstado,BancoEstado,SAC(MESON),Escritorio de Negocio,Infraestructura,Capa de presentación,Morande,Aplicación PU,Bae de datos-SqlServer,VS2K8-PROD49  
Grupo BancoEstado,BancoEstado,SAC(MESON),Escritorio de Negocio,Infraestructura,Capa de presentación,Morande,Aplicación PU,S.O,VS3K-PLTESC01P,VS3K-PLTESC02P,VS3K-PLTESC03P,VS3K-PLTESC04P,VS3K-PLTESC05P,VS3K-PLTESC06P,VS3K-PLTESC07P,VS2K8-PROD49  
Grupo BancoEstado,BancoEstado,SAC(MESON),Escritorio de Negocio,Infraestructura,Capa de presentación,Morande,Sharepoint,IIS,VS2K8-ENAPP01,VS2K8-ENAPP02,VS2K8-ENAPP03,VS2K8-ENAPP04,VS2K8-ENAPP05
Grupo BancoEstado,BancoEstado,SAC(MESON),Escritorio de Negocio,Infraestructura,Capa de presentación,Morande,Sharepoint,S.O,VS2K8-ENAPP01,VS2K8-ENAPP02,VS2K8-ENAPP03,VS2K8-ENAPP04,VS2K8-ENAPP05
Grupo BancoEstado,BancoEstado,SAC(MESON),Escritorio de Negocio,Infraestructura,Capa de presentación,Ciudad de los Valle,Aplicación PU,IIS,VS3K-PLTESC01cv,VS3K-PLTESC02cv,VS3K-PLTESC03cv,VS3K-PLTESC04cv,VS3K-PLTESC05cv,VS3K-PLTESC06cv,VS3K-PLTESC08cv,VS3K-PLTESC09cv,VS3K-PLTESC10cv 
Grupo BancoEstado,BancoEstado,SAC(MESON),Escritorio de Negocio,Infraestructura,Capa de presentación,Ciudad de los Valle,Aplicación PU,Bae de datos-SqlServer,VS2K8-PROD49C
Grupo BancoEstado,BancoEstado,SAC(MESON),Escritorio de Negocio,Infraestructura,Capa de presentación,Ciudad de los Valle,Aplicación PU,S.O,VS3K-PLTESC01cv,VS3K-PLTESC02cv,VS3K-PLTESC03cv,VS3K-PLTESC04cv,VS3K-PLTESC05cv,VS3K-PLTESC06cv,VS3K-PLTESC08cv,VS3K-PLTESC09cv,VS3K-PLTESC10cv,VS2K8-PROD49C
Grupo BancoEstado,BancoEstado,SAC(MESON),Escritorio de Negocio,Infraestructura,Capa de presentación,Ciudad de los Valle,Sharepoint,IIS,VS2K8-ENAPP01C,VS2K8-ENAPP02C,VS2K8-ENAPP03C,VS2K8-ENAPP04C,VS2K8-ENAPP05C
Grupo BancoEstado,BancoEstado,SAC(MESON),Escritorio de Negocio,Infraestructura,Capa de presentación,Ciudad de los Valle,Sharepoint,S.O,VS2K8-ENAPP01C,VS2K8-ENAPP02C,VS2K8-ENAPP03C,VS2K8-ENAPP04C,VS2K8-ENAPP05C
Grupo BancoEstado,BancoEstado,SAC(MESON),Escritorio de Negocio,Infraestructura,Capa de presentación,IBM,Aplicación PU,S.O,VS3K-PLTESC01C,VS3K-PLTESC02C,VS3K-PLTESC03C,VS3K-PLTESC04C
Grupo BancoEstado,BancoEstado,SAC(MESON),Escritorio de Negocio,Infraestructura,Capa de presentación,IBM,Aplicación PU,IIS,VS3K-PLTESC01C,VS3K-PLTESC02C,VS3K-PLTESC03C,VS3K-PLTESC04C
Grupo BancoEstado,BancoEstado,SAC(MESON),Escritorio de Negocio,Infraestructura,Capa de Negocio-Filenet,Morande,Workplace,S.O,lnxpfn01,lnxpfn11
Grupo BancoEstado,BancoEstado,SAC(MESON),Escritorio de Negocio,Infraestructura,Capa de Negocio-Filenet,Morande,Workplace,WAS,zAE01 lnxpfn01,zAE02 lnxpfn11
Grupo BancoEstado,BancoEstado,SAC(MESON),Escritorio de Negocio,Infraestructura,Capa de Negocio-Filenet,Morande,Content Engine,S.O,lnxpfn02,lnxpfn12
Grupo BancoEstado,BancoEstado,SAC(MESON),Escritorio de Negocio,Infraestructura,Capa de Negocio-Filenet,Morande,Content Engine,WAS,zCE01 lnxpfn02,zCE02 lnxpfn12
Grupo BancoEstado,BancoEstado,SAC(MESON),Escritorio de Negocio,Infraestructura,Capa de Negocio-Filenet,Morande,Lotus Forms,S.O,lnxpfn04,lnxpfn14
Grupo BancoEstado,BancoEstado,SAC(MESON),Escritorio de Negocio,Infraestructura,Capa de Negocio-Filenet,Morande,Lotus Forms,WAS,zLF01 lnxpfn04,TranslatorServer lnxpfn14,TranslatorServer lnxpfn04,zLF02 lnxpfn14
Grupo BancoEstado,BancoEstado,SAC(MESON),Escritorio de Negocio,Infraestructura,Capa de Negocio-Filenet,Morande,Datos,S.O,lnxpfn05,lnxpfn15
Grupo BancoEstado,BancoEstado,SAC(MESON),Escritorio de Negocio,Infraestructura,Capa de Negocio-Filenet,Morande,Datos,DB2,lnxpfn05,lnxpfn15
Grupo BancoEstado,BancoEstado,SAC(MESON),Escritorio de Negocio,Infraestructura,Capa de Negocio-Filenet,Morande,ND,S.O,lnxpfn00
Grupo BancoEstado,BancoEstado,SAC(MESON),Escritorio de Negocio,Infraestructura,Capa de Negocio-TouchPoint,Morande,Perfilamiento,S.O,lnxp-tp01,lnxp-tp01-sc,lnxp-tp02,lnxp-tp02-sc,S2K8-PROD13,S2K8-PROD13A,S2K8-PROD13B,S2K8-PROD13D,S2K8-PROD13E
Grupo BancoEstado,BancoEstado,SAC(MESON),Escritorio de Negocio,Infraestructura,Capa de Negocio-TouchPoint,Morande,Perfilamiento,WAS,tPerfilamiento01 lnxp-tp01,tPerfilamiento01 lnxp-tp01-sc,tPerfilamiento02 lnxp-tp02,tPerfilamiento02 lnxp-tp02-sc
Grupo BancoEstado,BancoEstado,SAC(MESON),Escritorio de Negocio,Infraestructura,Capa de Negocio-TouchPoint,Morande,Perfilamiento,SQLServrver,S2K8-PROD13,S2K8-PROD13A,S2K8-PROD13B,S2K8-PROD13D,S2K8-PROD13E
Grupo BancoEstado,BancoEstado,SAC(MESON),Escritorio de Negocio,Infraestructura,Capa de Negocio-TouchPoint,Morande,Frond End,S.O,lnxpi338,lnxpi438
Grupo BancoEstado,BancoEstado,SAC(MESON),Escritorio de Negocio,Infraestructura,Capa de Negocio-TouchPoint,Morande,Frond End,WAS,touchpoint01 lnxpi338,touchpoint04 lnxpi438,touchpoint02 lnxpi338,touchpoint03 lnxpi438
Grupo BancoEstado,BancoEstado,SAC(MESON),Escritorio de Negocio,Infraestructura,Capa de Negocio-TouchPoint,Morande,Servidores Comunes,S.O,lnxp-tsc01,lnxp-tsc01-sc,lnxp-tsc02,lnxp-tsc02-sc
Grupo BancoEstado,BancoEstado,SAC(MESON),Escritorio de Negocio,Infraestructura,Capa de Negocio-TouchPoint,Morande,Servidores Comunes,WAS,tServComunes01 lnxp-tsc01,tServComunes01 lnxp-tsc01-sc,tServComunes02 lnxp-tsc02,tServComunes02 lnxp-tsc02-sc
Grupo BancoEstado,BancoEstado,SAC(MESON),Escritorio de Negocio,Infraestructura,Capa de Negocio-TouchPoint,Morande,TechLog,S.O,LNXPT328,LNXPT128,LNXPT428,LNXPT228
Grupo BancoEstado,BancoEstado,SAC(MESON),Escritorio de Negocio,Infraestructura,Capa de Negocio-TouchPoint,Morande,TechLog,MQ,Q1PT328LN LNXPT328,Q1PT128LN LNXPT128,Q1PT428LN LNXPT428,Q1PT228LN LNXPT228
Grupo BancoEstado,BancoEstado,SAC(MESON),Escritorio de Negocio,Infraestructura,Capa de Negocio-TouchPoint,Morande,CMM,S.O,LNXPT035,LNXPT335,LNXPT135,LNXPT235
Grupo BancoEstado,BancoEstado,SAC(MESON),Escritorio de Negocio,Infraestructura,Capa de Negocio-TouchPoint,Morande,CMM,MQ,Q1PT035LN LNXPT035,Q1PT335LN LNXPT335,Q1PT135LN LNXPT135,Q1PT235LN
Grupo BancoEstado,BancoEstado,SAC(MESON),Escritorio de Negocio,Infraestructura,Capa de Negocio-TouchPoint,Morande,CMM,Broker,B1PT035LN LNXPT335,B1PT335LN LNXPT335,B1PT135LN LNXPT135,B1PT235LN
Grupo BancoEstado,BancoEstado,SAC(MESON),Escritorio de Negocio,Infraestructura,Capa de Negocio-TouchPoint,Morande,GATEWAY,S.O,LNXPTA35
Grupo BancoEstado,BancoEstado,SAC(MESON),Escritorio de Negocio,Infraestructura,Capa de Negocio-TouchPoint,Morande,GATEWAY,MQ,Q1PTA35LN LNXPTA35 
Grupo BancoEstado,BancoEstado,SAC(MESON),Escritorio de Negocio,Infraestructura,Capa de Negocio-TouchPoint,IBM,Frond End,S.O,lnxp-t01-sc,lnxp-t02-sc
Grupo BancoEstado,BancoEstado,SAC(MESON),Escritorio de Negocio,Infraestructura,Capa de Negocio-TouchPoint,IBM,Frond End,WAS,touchpoint01 lnxp-t01-sc,touchpoint03 lnxp-t02-sc,touchpoint02 lnxp-t01-sc,touchpoint04 lnxp-t02-sc
Grupo BancoEstado,BancoEstado,SAC(MESON),Escritorio de Negocio,Infraestructura,Capa de Negocio-TouchPoint,IBM,Perfilamiento,S.O,S2K8-PROD13C
Grupo BancoEstado,BancoEstado,SAC(MESON),Escritorio de Negocio,Infraestructura,Capa de Negocio-TouchPoint,IBM,Perfilamiento,SQLServer,S2K8-PROD13C
Grupo BancoEstado,BancoEstado,SAC(MESON),Escritorio de Negocio,Experiencia Usuaria
Grupo BancoEstado,BancoEstado,Plataforma Corporativa,Gestión de Cliente Moroso(GCM),Infraestructura,Usuario Banco,Morande,Datos,Bae de datos-SQLserver,VS2K8-PRDGCM02,VS2K8-PRDGCM05,VS2K8-PRDGCM06
Grupo BancoEstado,BancoEstado,Plataforma Corporativa,Gestión de Cliente Moroso(GCM),Infraestructura,Usuario Banco,Morande,Datos,S.O,VS2K8-PRDGCM02,VS2K8-PRDGCM05,VS2K8-PRDGCM06
Grupo BancoEstado,BancoEstado,Plataforma Corporativa,Gestión de Cliente Moroso(GCM),Infraestructura,Usuario Banco,Morande,Web server,S.O,VS2K8-PRDGCM01,VS2K8-PRDGCM02,VS2K8-PRDGCM05,VS2K8-PRDGCM06
Grupo BancoEstado,BancoEstado,Plataforma Corporativa,Gestión de Cliente Moroso(GCM),Infraestructura,Usuario Banco,Morande,Web server,IIS,VS2K8-PRDGCM01,VS2K8-PRDGCM02,VS2K8-PRDGCM05,VS2K8-PRDGCM06
Grupo BancoEstado,BancoEstado,Plataforma Corporativa,Gestión de Cliente Moroso(GCM),Infraestructura,Usuario CallCenter Externos,Morande,Datos,Bae de datos-SQLserver,VS2K8-prod51
Grupo BancoEstado,BancoEstado,Plataforma Corporativa,Gestión de Cliente Moroso(GCM),Infraestructura,Usuario CallCenter Externos,Morande,Datos,S.O,VS2K8-prod51
Grupo BancoEstado,BancoEstado,Plataforma Corporativa,Gestión de Cliente Moroso(GCM),Infraestructura,Usuario CallCenter Externos,Morande,Web Server,S.O,VS2K8-PRDGCM03,VS2K8-PRDGCM04
Grupo BancoEstado,BancoEstado,Plataforma Corporativa,Gestión de Cliente Moroso(GCM),Infraestructura,Usuario CallCenter Externos,Morande,Web Server,IIS,VS2K8-PRDGCM03,VS2K8-PRDGCM04
Grupo BancoEstado,BancoEstado,Plataforma Corporativa,Gestión de Cliente Moroso(GCM),Experiencia Usuaria
Grupo BancoEstado,BancoEstado,WEB Minorista NBL,Nueva Banca En Linea,Infraestructura,Capa de presentación,Morande,Frond-End,WAS,eBanking02 lnxpi331,eBanking03 LNXPI431,eBanking05 LNXPI531,eBanking08 lnxpi332,eBanking09 LNXPI731,eBanking12 lnxpi732,LNXP204,LNXP304,eBanking01 lnxpi331,eBanking04 LNXPI431,eBanking06 LNXPI531,eBanking07 lnxpi332,eBanking10 LNXPI731,eBanking11 lnxpi732
Grupo BancoEstado,BancoEstado,WEB Minorista NBL,Nueva Banca En Linea,Infraestructura,Capa de presentación,Morande,Frond-End,Apache,lnxpi331,lnxpi431,lnxpi531,lnxpi332,lnxpi731,lnxpi732
Grupo BancoEstado,BancoEstado,WEB Minorista NBL,Nueva Banca En Linea,Infraestructura,Capa de presentación,Morande,Frond-End,S.O,lnxpi331,lnxpi431,lnxpi531,lnxpi332,lnxpi731,lnxpi732,LNXP204,LNXP304
Grupo BancoEstado,BancoEstado,WEB Minorista NBL,Nueva Banca En Linea,Infraestructura,Capa de presentación,IBM,Frond-End,WAS,eBanking02 lnxcieb1,eBanking03 lnxcieb2,eBanking06 lnxcieb3,eBanking07 lnxcieb4,eBanking10 LNXCIEB5,eBanking11 LNXCIEB6,eBanking01 lnxcieb1,eBanking04 lnxcieb2,eBanking05 lnxcieb3,eBanking08 lnxcieb4,eBanking09 LNXCIEB5,eBanking12 LNXCIEB6
Grupo BancoEstado,BancoEstado,WEB Minorista NBL,Nueva Banca En Linea,Infraestructura,Capa de presentación,IBM,Frond-End,Apache,lnxcieb1,lnxcieb2,lnxcieb3,lnxcieb4,lnxcieb5,lnxcieb6 
Grupo BancoEstado,BancoEstado,WEB Minorista NBL,Nueva Banca En Linea,Infraestructura,Capa de presentación,IBM,Frond-End,S.O,lnxcieb1,lnxcieb2,lnxcieb3,lnxcieb4,lnxcieb5,lnxcieb6 
Grupo BancoEstado,BancoEstado,WEB Minorista NBL,Nueva Banca En Linea,Infraestructura,Capa de Negocio,Morande,Perfilamiento,S.O,lnxp-ezp01,lnxp-ezp02 
Grupo BancoEstado,BancoEstado,WEB Minorista NBL,Nueva Banca En Linea,Infraestructura,Capa de Negocio,Morande,Perfilamiento,WAS,Perfilamiento01 lnxp-ezp01,Perfilamiento02 lnxp-ezp02
Grupo BancoEstado,BancoEstado,WEB Minorista NBL,Nueva Banca En Linea,Infraestructura,Capa de Negocio,Morande,Servicios Comunes,S.O,lnxp-esc01,lnxp-esc02
Grupo BancoEstado,BancoEstado,WEB Minorista NBL,Nueva Banca En Linea,Infraestructura,Capa de Negocio,Morande,Servicios Comunes,WAS,ServComunes01 lnxp-esc01,ServComunes02 lnxp-esc02
Grupo BancoEstado,BancoEstado,WEB Minorista NBL,Nueva Banca En Linea,Infraestructura,Capa de Negocio,Morande,TechLog,S.O,lnxp1281,lnxp2281,lnxp128,lnxp228 
Grupo BancoEstado,BancoEstado,WEB Minorista NBL,Nueva Banca En Linea,Infraestructura,Capa de Negocio,Morande,TechLog,MQ,Q1P1281LN lnxp1281,Q1P2281LN lnxp2281,Q1P128LNX lnxp128,Q1P228LNX lnxp228
Grupo BancoEstado,BancoEstado,WEB Minorista NBL,Nueva Banca En Linea,Infraestructura,Capa de Negocio,Morande,CMM,S.O,lnxp0351,lnxp1351,lnxp035,lnxp135 
Grupo BancoEstado,BancoEstado,WEB Minorista NBL,Nueva Banca En Linea,Infraestructura,Capa de Negocio,Morande,CMM,MQ,Q1P035LNX lnxp035,Q1P0351LN lnxp0351,Q1P1351LN lnxp1351,Q1P135LNX lnxp135
Grupo BancoEstado,BancoEstado,WEB Minorista NBL,Nueva Banca En Linea,Infraestructura,Capa de Negocio,Morande,CMM,Broker,B1P035LNX lnxp035,B1P0351LN lnxp0351,B1P1351LN lnxp1351,B1P135LNX lnxp135
Grupo BancoEstado,BancoEstado,WEB Minorista NBL,Nueva Banca En Linea,Infraestructura,Capa de Negocio,Morande,GATEWAY MQ,S.O,lnxpa35 
Grupo BancoEstado,BancoEstado,WEB Minorista NBL,Nueva Banca En Linea,Infraestructura,Capa de Negocio,Morande,GATEWAY MQ,MQ,Q1PA35LNX lnxpa35
Grupo BancoEstado,BancoEstado,WEB Minorista NBL,Nueva Banca En Linea,Infraestructura,Capa de Negocio,Morande,CORREO,Exchange,S2k8-Correo1a,S2k8-Correo1b,S2k8-Correo2a,S2k8-Correo2b,S2k8-Correo3a,S2k8-Correo3b,S2K8-correo5a,S2K8-correo5b,S2K8-EXCHT1,S2K8-EXCHT2,S2K8-EXCHT3,S2K8-EXCHT4
Grupo BancoEstado,BancoEstado,WEB Minorista NBL,Nueva Banca En Linea,Infraestructura,Capa de Negocio,Morande,CORREO,S.O,VS3K-Sendmail1,VS3K-Sendmail2,s2k8-excmb3.banco.bestado.cl,s2k8-excmb5.banco.bestado.cl,S2k8-Correo1a,S2k8-Correo1b,S2k8-Correo2a,S2k8-Correo2b,S2k8-Correo3a,S2k8-Correo3b,S2K8-correo5a,S2K8-correo5b,s2k8-excmb3,s2k8-excmb5,S2K8-EXCHT1,S2K8-EXCHT2,S2K8-EXCHT3,S2K8-EXCHT4
Grupo BancoEstado,BancoEstado,WEB Minorista NBL,Nueva Banca En Linea,Infraestructura,Capa de Negocio,Morande,OPENWORKPLACE,S.O,vs3k-prdowp01,vs3k-prdowp02
Grupo BancoEstado,BancoEstado,WEB Minorista NBL,Nueva Banca En Linea,Infraestructura,Capa de Negocio,Morande,TAM,S.O,LNXP209,LNXP309
Grupo BancoEstado,BancoEstado,WEB Minorista NBL,Nueva Banca En Linea,Infraestructura,Capa de Negocio,Morande,TFIM,S.O,LNXP208,LNXP308
Grupo BancoEstado,BancoEstado,WEB Minorista NBL,Nueva Banca En Linea,Infraestructura,Capa de Negocio,Morande,DataPower,Gateway,192.168.23.73,192.168.228.5,192.168.23.74,192.168.228.6
Grupo BancoEstado,BancoEstado,WEB Minorista NBL,Nueva Banca En Linea,Infraestructura,Capa de Negocio,Morande,DataPower,XC10,192.168.23.52,192.168.8.3,192.168.23.53,192.168.8.4
Grupo BancoEstado,BancoEstado,WEB Minorista NBL,Nueva Banca En Linea,Infraestructura,Capa de Negocio,IBM,DataPower,Gateway,192.168.35.252,192168113101,192.168.35.253,192168113100
Grupo BancoEstado,BancoEstado,WEB Minorista NBL,Nueva Banca En Linea,Infraestructura,Capa de Negocio,IBM,DataPower,XC10,192.168.35.250,192168113103,192.168.35.249,192168113104
Grupo BancoEstado,BancoEstado,WEB Minorista NBL,Nueva Banca En Linea,Infraestructura,Capa de Negocio,IBM,Perfilamiento,S.O,lnxp-ezp01-sc,lnxp-ezp02-sc
Grupo BancoEstado,BancoEstado,WEB Minorista NBL,Nueva Banca En Linea,Infraestructura,Capa de Negocio,IBM,Perfilamiento,WAS,Perfilamiento01 lnxp-ezp01-sc,Perfilamiento02 lnxp-ezp02-sc
Grupo BancoEstado,BancoEstado,WEB Minorista NBL,Nueva Banca En Linea,Infraestructura,Capa de Negocio,IBM,Correo,Exchange,S2K8-EXCHT1i,S2K8-EXCHT2i,S2K8-EXCHT3i
Grupo BancoEstado,BancoEstado,WEB Minorista NBL,Nueva Banca En Linea,Infraestructura,Capa de Negocio,IBM,Correo,S.O,S2K8-EXCHT1i,S2K8-EXCHT2i,S2K8-EXCHT3i
Grupo BancoEstado,BancoEstado,WEB Minorista NBL,Nueva Banca En Linea,Infraestructura,Capa de Negocio,IBM,Servicios Comunes,S.O,lnxp-esc01-sc,lnxp-esc02-sc
Grupo BancoEstado,BancoEstado,WEB Minorista NBL,Nueva Banca En Linea,Infraestructura,Capa de Negocio,IBM,Servicios Comunes,WAS,ServComunes01 lnxp-esc01-sc,ServComunes02 lnxp-esc02-sc
Grupo BancoEstado,BancoEstado,WEB Minorista NBL,Nueva Banca En Linea,Infraestructura,Capa de Datos,Morande,IDG,S.O,VS3K-IDG01,VS3K-IDG02,VS3K-IDG03,VS3K-IDG04,VS3K-IDG05,VS3K-IDG06
Grupo BancoEstado,BancoEstado,WEB Minorista NBL,Nueva Banca En Linea,Infraestructura,Capa de Datos,Morande,IDG,Apache,VS3K-IDG01,VS3K-IDG02,VS3K-IDG03,VS3K-IDG04,VS3K-IDG05,VS3K-IDG06
Grupo BancoEstado,BancoEstado,WEB Minorista NBL,Nueva Banca En Linea,Infraestructura,Capa de Datos,Morande,Datos,S.O,LNXP033,LNXP034,LNXP133,LNXP134,VS2K8-TSRMDB01,SRV-RECURSOS,srv_cet,srv_prod04,vs2k8-datosweb01,vs2k8-prod15,vs2k8-prod22,vs2k8-prod23,vs2k8-prod38,vs2k8-prod50,vs2k8-prod60,VS2K8-PROD60I,vs3k-prod16,vs3k-prod24,S2K8-PROD13,s2k8-prod02,vs2k8_inetdatos,s2k8-prod25,vs3k-prod16
Grupo BancoEstado,BancoEstado,WEB Minorista NBL,Nueva Banca En Linea,Infraestructura,Capa de Datos,Morande,Datos,DB2,LNXP033,LNXP034,LNXP133,LNXP134,LNXP207,LNXP307
Grupo BancoEstado,BancoEstado,WEB Minorista NBL,Nueva Banca En Linea,Infraestructura,Capa de Datos,Morande,Datos,SQLServer,VS2K8-TSRMDB01,VS3K-Sendmail1,VS3K-Sendmail2,S2K8-PROD12,srv_prod04,vs2k8-prod15,S2K8-PROD12,vs2k8-prod22,vs2k8-prod23,vs2k8-prod38,vs2k8-prod50,vs2k8-prod60,VS2K8-PROD60I,vs3k-prod16,vs3k-prod24,S2K8-PROD13,s2k8-prod02,vs2k8_inetdatos,s2k8-prod25,vs3k-prod16
Grupo BancoEstado,BancoEstado,WEB Minorista NBL,Nueva Banca En Linea,Experiencia Usuaria
Grupo BancoEstado,BancoEstado,WEB Minorista BL,Banca En Linea,Infraestructura,Capa de presentación(Sitio Publico),Morande,Frond-End,IIS,vs3k-web132,vs3k-web133,vs3k-web134,vs3k-web135,vs3k-web136,vs3k-web148,vs3k-web149,vs3k-web150,vs3k-web151,vs3k-web152,vs3k-web153,vs3k-web154,vs3k-web155,vs3k-web156,vs3k-web157,vs3k-web158,vs3k-web159,vs3k-web160,vs3k-web161,vs3k-web162,vs3k-web163,vs3k-web164,vs3k-web165,vs3k-web166,vs3k-web167,vs3k-web168,vs3k-web169,vs3k-web170,vs3k-web171,vs3k-web172,vs3k-web173,vs3k-web174,vs3k-web175,vs3k-web176,vs3k-web177,vs3k-web178,vs3k-web179,vs3k-web180,vs3k-web181,vs3k-web182,vs3k-web183,vs3k-web184,vs3k-web185,vs3k-web186,vs3k-web187,vs3k-web188,vs3k-web189,vs3k-web190,vs3k-web191,vs3k-web192,vs3k-web193,vs3k-web194,vs3k-web195,vs3k-web196,vs3k-web197,vs3k-web198,vs3k-web199,vs3k-web200,vs3k-web201,vs3k-web202,vs3k-web203,vs3k-web204,vs3k-web205,vs3k-web206,vs3k-web207,vs3k-web208,vs3k-web209,vs3k-web210
Grupo BancoEstado,BancoEstado,WEB Minorista BL,Banca En Linea,Infraestructura,Capa de presentación(Sitio Publico),Morande,Frond-End,S.O,vs3k-web132,vs3k-web133,vs3k-web134,vs3k-web135,vs3k-web136,vs3k-web148,vs3k-web149,vs3k-web150,vs3k-web151,vs3k-web152,vs3k-web153,vs3k-web154,vs3k-web155,vs3k-web156,vs3k-web157,vs3k-web158,vs3k-web159,vs3k-web160,vs3k-web161,vs3k-web162,vs3k-web163,vs3k-web164,vs3k-web165,vs3k-web166,vs3k-web167,vs3k-web168,vs3k-web169,vs3k-web170,vs3k-web171,vs3k-web172,vs3k-web173,vs3k-web174,vs3k-web175,vs3k-web176,vs3k-web177,vs3k-web178,vs3k-web179,vs3k-web180,vs3k-web181,vs3k-web182,vs3k-web183,vs3k-web184,vs3k-web185,vs3k-web186,vs3k-web187,vs3k-web188,vs3k-web189,vs3k-web190,vs3k-web191,vs3k-web192,vs3k-web193,vs3k-web194,vs3k-web195,vs3k-web196,vs3k-web197,vs3k-web198,vs3k-web199,vs3k-web200,vs3k-web201,vs3k-web202,vs3k-web203,vs3k-web204,vs3k-web205,vs3k-web206,vs3k-web207,vs3k-web208,vs3k-web209,vs3k-web210
Grupo BancoEstado,BancoEstado,WEB Minorista BL,Banca En Linea,Infraestructura,Capa de presentación(Sitio Publico),IBM,Frond-End,S.O,vs3k-web132i,vs3k-web133i,vs3k-web134i,vs3k-web135i,vs3k-web136i,vs3k-web148i,vs3k-web149i,vs3k-web150i,vs3k-web151i,vs3k-web152i,vs3k-web153i,vs3k-web154i,vs3k-web155i,vs3k-web156i,vs3k-web157i,vs3k-web158i,vs3k-web159i,vs3k-web160i,vs3k-web161i,vs3k-web162i,vs3k-web163i,vs3k-web164i,vs3k-web165i,vs3k-web166i,vs3k-web167i,vs3k-web168i,vs3k-web169i,vs3k-web170i
Grupo BancoEstado,BancoEstado,WEB Minorista BL,Banca En Linea,Infraestructura,Capa de presentación(Sitio Publico),IBM,Frond-End,IIS,vs3k-web132i,vs3k-web133i,vs3k-web134i,vs3k-web135i,vs3k-web136i,vs3k-web148i,vs3k-web149i,vs3k-web150i,vs3k-web151i,vs3k-web152i,vs3k-web153i,vs3k-web154i,vs3k-web155i,vs3k-web156i,vs3k-web157i,vs3k-web158i,vs3k-web159i,vs3k-web160i,vs3k-web161i,vs3k-web162i,vs3k-web163i,vs3k-web164i,vs3k-web165i,vs3k-web166i,vs3k-web167i,vs3k-web168i,vs3k-web169i,vs3k-web170i
Grupo BancoEstado,BancoEstado,WEB Minorista BL,Banca En Linea,Infraestructura,Capa de Negocio,Morande,linea de Negocio,S.O,vs3k-web01,vs3k-web02,vs3k-web03,vs3k-web04,vs3k-web05,vs3k-web06,vs3k-web07,vs3k-web08,vs3k-web09,vs3k-web10,vs3k-web11,vs3k-web12,vs3k-web13,vs3k-web14,vs3k-web15,vs3k-web16,vs3k-web17,vs3k-web18,vs3k-web19,vs3k-web31,vs3k-web32,vs3k-web33,vs3k-web34,vs3k-web35,vs3k-web36,vs3k-web37,vs3k-web38,vs3k-web39,vs3k-web40,vs3k-web41,vs3k-web42,vs3k-web43,vs3k-web44,vs3k-web45,vs3k-web46,vs3k-web47,vs3k-web48,vs3k-web49,vs3k-web50,vs3k-web51,vs3k-web52,vs3k-web53,vs3k-web54,vs3k-web55,vs3k-web56,vs3k-web57,vs3k-web58,vs3k-web59,vs3k-web60,vs3k-web61,vs3k-web62,vs3k-web63,vs3k-web64,vs3k-web65,vs3k-web66,vs3k-web67,vs3k-web68,vs3k-web69,vs3k-web70,vs3k-web71,vs3k-web72,vs3k-web73,vs3k-web74,vs3k-web75,vs3k-web76,vs3k-web77,vs3k-web78,vs3k-web79,vs3k-web80,vs3k-web81,vs3k-web82,vs3k-web83,vs3k-web84,vs3k-web85,vs3k-web86,vs3k-web87,vs3k-web88,vs3k-web89,vs3k-web90,vs3k-web91,vs3k-web92,vs3k-web93,vs3k-web94,vs3k-web95,vs3k-web96,vs3k-web97,vs3k-web98,vs3k-web99,vs3k-web100,vs3k-web101,vs3k-web102,vs3k-web103,vs3k-web104,vs3k-web105,vs3k-web106,vs3k-web107,vs3k-web108,vs3k-web109,vs3k-web110,vs3k-web111,vs3k-web112,vs3k-web113,vs3k-web114,vs3k-web115,vs3k-web116,vs3k-web117,vs3k-web118,vs3k-web119,vs3k-web120,vs3k-web121,vs3k-web122,vs3k-web123,vs3k-web124,vs3k-web125,vs3k-web126,vs3k-web127,vs3k-web128,vs3k-web129,vs3k-web130,vs3k-web131,vs3k-web137,vs3k-web138,vs3k-web139,vs3k-web140,vs3k-web141,vs3k-web142,vs3k-web143,vs3k-web144,vs3k-web145,vs3k-web146,vs3k-web147
Grupo BancoEstado,BancoEstado,WEB Minorista BL,Banca En Linea,Infraestructura,Capa de Negocio,Morande,linea de Negocio,IIS,vs3k-web01,vs3k-web02,vs3k-web03,vs3k-web04,vs3k-web05,vs3k-web06,vs3k-web07,vs3k-web08,vs3k-web09,vs3k-web10,vs3k-web11,vs3k-web12,vs3k-web13,vs3k-web14,vs3k-web15,vs3k-web16,vs3k-web17,vs3k-web18,vs3k-web19,vs3k-web31,vs3k-web32,vs3k-web33,vs3k-web34,vs3k-web35,vs3k-web36,vs3k-web37,vs3k-web38,vs3k-web39,vs3k-web40,vs3k-web41,vs3k-web42,vs3k-web43,vs3k-web44,vs3k-web45,vs3k-web46,vs3k-web47,vs3k-web48,vs3k-web49,vs3k-web50,vs3k-web51,vs3k-web52,vs3k-web53,vs3k-web54,vs3k-web55,vs3k-web56,vs3k-web57,vs3k-web58,vs3k-web59,vs3k-web60,vs3k-web61,vs3k-web62,vs3k-web63,vs3k-web64,vs3k-web65,vs3k-web66,vs3k-web67,vs3k-web68,vs3k-web69,vs3k-web70,vs3k-web71,vs3k-web72,vs3k-web73,vs3k-web74,vs3k-web75,vs3k-web76,vs3k-web77,vs3k-web78,vs3k-web79,vs3k-web80,vs3k-web81,vs3k-web82,vs3k-web83,vs3k-web84,vs3k-web85,vs3k-web86,vs3k-web87,vs3k-web88,vs3k-web89,vs3k-web90,vs3k-web91,vs3k-web92,vs3k-web93,vs3k-web94,vs3k-web95,vs3k-web96,vs3k-web97,vs3k-web98,vs3k-web99,vs3k-web100,vs3k-web101,vs3k-web102,vs3k-web103,vs3k-web104,vs3k-web105,vs3k-web106,vs3k-web107,vs3k-web108,vs3k-web109,vs3k-web110,vs3k-web111,vs3k-web112,vs3k-web113,vs3k-web114,vs3k-web115,vs3k-web116,vs3k-web117,vs3k-web118,vs3k-web119,vs3k-web120,vs3k-web121,vs3k-web122,vs3k-web123,vs3k-web124,vs3k-web125,vs3k-web126,vs3k-web127,vs3k-web128,vs3k-web129,vs3k-web130,vs3k-web131,vs3k-web137,vs3k-web138,vs3k-web139,vs3k-web140,vs3k-web141,vs3k-web142,vs3k-web143,vs3k-web144,vs3k-web145,vs3k-web146,vs3k-web147
Grupo BancoEstado,BancoEstado,WEB Minorista BL,Banca En Linea,Infraestructura,Capa de Negocio,Morande,CORREO,Exchange,S2k8-Correo1a,S2k8-Correo1b,S2k8-Correo2a,S2k8-Correo2b,S2k8-Correo3a,S2k8-Correo3b,S2K8-correo5a,S2K8-correo5b,S2K8-EXCHT1,S2K8-EXCHT1i,S2K8-EXCHT2,S2K8-EXCHT2i,S2K8-EXCHT3,S2K8-EXCHT3i,S2K8-EXCHT4
Grupo BancoEstado,BancoEstado,WEB Minorista BL,Banca En Linea,Infraestructura,Capa de Negocio,Morande,CORREO,S.O,VS3K-Sendmail1,VS3K-Sendmail2,s2k8-excmb3.banco.bestado.cl,s2k8-excmb5.banco.bestado.cl,S2k8-Correo1a,S2k8-Correo1b,S2k8-Correo2a,S2k8-Correo2b,S2k8-Correo3a,S2k8-Correo3b,S2K8-correo5a,S2K8-correo5b,s2k8-excmb3,S2K8-EXCHT1,S2K8-EXCHT1i,S2K8-EXCHT2,S2K8-EXCHT2i,S2K8-EXCHT3,S2K8-EXCHT3i,S2K8-EXCHT4
Grupo BancoEstado,BancoEstado,WEB Minorista BL,Banca En Linea,Infraestructura,Capa de Negocio,IBM,linea de Negocio,S.O,vs3k-web01i,vs3k-web02i,vs3k-web03i,vs3k-web04i,vs3k-web05i,vs3k-web06i,vs3k-web07i,vs3k-web08i,vs3k-web09i,vs3k-web10i,vs3k-web11i,vs3k-web12i,vs3k-web13i,vs3k-web14i,vs3k-web15i,vs3k-web16i,vs3k-web17i,vs3k-web18i,vs3k-web19i,vs3k-web20i,vs3k-web21i,vs3k-web31i,vs3k-web32i,vs3k-web33i,vs3k-web34i,vs3k-web35i,vs3k-web36i,vs3k-web37i,vs3k-web38i,vs3k-web39i,vs3k-web40i,vs3k-web41i,vs3k-web42i,vs3k-web43i,vs3k-web44i,vs3k-web45i,vs3k-web46i,vs3k-web47i,vs3k-web48i,vs3k-web49i,vs3k-web50i,vs3k-web51i,vs3k-web52i,vs3k-web53i,vs3k-web54i,vs3k-web55i,vs3k-web56i,vs3k-web57i,vs3k-web58i,vs3k-web59i,vs3k-web60i,vs3k-web61i,vs3k-web62i,vs3k-web63i,vs3k-web64i,vs3k-web65i,vs3k-web66i,vs3k-web67i,vs3k-web68i,vs3k-web69i,vs3k-web70i,vs3k-web71i,vs3k-web72i,vs3k-web73i,vs3k-web74i,vs3k-web75i,vs3k-web76i,vs3k-web77i,vs3k-web78i,vs3k-web79i,vs3k-web80i,vs3k-web81i,vs3k-web82i,vs3k-web83i,vs3k-web84i,vs3k-web85i,vs3k-web86i,vs3k-web87i,vs3k-web88i,vs3k-web89i,vs3k-web90i,vs3k-web91i,vs3k-web92i,vs3k-web93i,vs3k-web94i,vs3k-web95i,vs3k-web96i,vs3k-web97i,vs3k-web98i,vs3k-web99i,vs3k-web100i,vs3k-web101i,vs3k-web102i,vs3k-web103i,vs3k-web104i,vs3k-web105i,vs3k-web106i,vs3k-web107i,vs3k-web108i,vs3k-web109i,vs3k-web110i,vs3k-web111i,vs3k-web112i,vs3k-web113i,vs3k-web114i,vs3k-web115i,vs3k-web116i,vs3k-web117i,vs3k-web118i,vs3k-web119i,vs3k-web120i,vs3k-web121i,vs3k-web122i,vs3k-web123i,vs3k-web124i,vs3k-web125i,vs3k-web126i,vs3k-web127i,vs3k-web128i,vs3k-web129i,vs3k-web130i,vs3k-web131i,vs3k-web137i,vs3k-web138i,vs3k-web139i,vs3k-web140i,vs3k-web141i,vs3k-web142i,vs3k-web143i,vs3k-web144i,vs3k-web145i,vs3k-web146i,vs3k-web147i
Grupo BancoEstado,BancoEstado,WEB Minorista BL,Banca En Linea,Infraestructura,Capa de Negocio,IBM,linea de Negocio,IIS,vs3k-web01i,vs3k-web02i,vs3k-web03i,vs3k-web04i,vs3k-web05i,vs3k-web06i,vs3k-web07i,vs3k-web08i,vs3k-web09i,vs3k-web10i,vs3k-web11i,vs3k-web12i,vs3k-web13i,vs3k-web14i,vs3k-web15i,vs3k-web16i,vs3k-web17i,vs3k-web18i,vs3k-web19i,vs3k-web20i,vs3k-web21i,vs3k-web31i,vs3k-web32i,vs3k-web33i,vs3k-web34i,vs3k-web35i,vs3k-web36i,vs3k-web37i,vs3k-web38i,vs3k-web39i,vs3k-web40i,vs3k-web41i,vs3k-web42i,vs3k-web43i,vs3k-web44i,vs3k-web45i,vs3k-web46i,vs3k-web47i,vs3k-web48i,vs3k-web49i,vs3k-web50i,vs3k-web51i,vs3k-web52i,vs3k-web53i,vs3k-web54i,vs3k-web55i,vs3k-web56i,vs3k-web57i,vs3k-web58i,vs3k-web59i,vs3k-web60i,vs3k-web61i,vs3k-web62i,vs3k-web63i,vs3k-web64i,vs3k-web65i,vs3k-web66i,vs3k-web67i,vs3k-web68i,vs3k-web69i,vs3k-web70i,vs3k-web71i,vs3k-web72i,vs3k-web73i,vs3k-web74i,vs3k-web75i,vs3k-web76i,vs3k-web77i,vs3k-web78i,vs3k-web79i,vs3k-web80i,vs3k-web81i,vs3k-web82i,vs3k-web83i,vs3k-web84i,vs3k-web85i,vs3k-web86i,vs3k-web87i,vs3k-web88i,vs3k-web89i,vs3k-web90i,vs3k-web91i,vs3k-web92i,vs3k-web93i,vs3k-web94i,vs3k-web95i,vs3k-web96i,vs3k-web97i,vs3k-web98i,vs3k-web99i,vs3k-web100i,vs3k-web101i,vs3k-web102i,vs3k-web103i,vs3k-web104i,vs3k-web105i,vs3k-web106i,vs3k-web107i,vs3k-web108i,vs3k-web109i,vs3k-web110i,vs3k-web111i,vs3k-web112i,vs3k-web113i,vs3k-web114i,vs3k-web115i,vs3k-web116i,vs3k-web117i,vs3k-web118i,vs3k-web119i,vs3k-web120i,vs3k-web121i,vs3k-web122i,vs3k-web123i,vs3k-web124i,vs3k-web125i,vs3k-web126i,vs3k-web127i,vs3k-web128i,vs3k-web129i,vs3k-web130i,vs3k-web131i,vs3k-web137i,vs3k-web138i,vs3k-web139i,vs3k-web140i,vs3k-web141i,vs3k-web142i,vs3k-web143i,vs3k-web144i,vs3k-web145i,vs3k-web146i,vs3k-web147i
Grupo BancoEstado,BancoEstado,WEB Minorista BL,Banca En Linea,Infraestructura,Capa de Datos,Morande,Datos,S.O,vs2k8_inetdatos,SRV-RECURSOS,S2K8-PROD13,s2k8-prod02,s2k8-prod25,srv_cet,srv_prod04,vs2k8-datosweb01,vs2k8-prod15,vs2k8-prod22,vs2k8-prod23,vs2k8-prod38,vs2k8-prod50,vs2k8-prod60,VS2K8-PROD60I,vs3k-prod16,vs3k-prod24,S2K8-PROD13,s2k8-prod02
Grupo BancoEstado,BancoEstado,WEB Minorista BL,Banca En Linea,Infraestructura,Capa de Datos,Morande,Datos,SQLServer,vs2k8_inetdatos,VS3K-Sendmail1,VS3K-Sendmail2,s2k8-prod02,S2K8-PROD13,s2k8-prod25,srv_prod04,vs2k8-prod15,vs2k8-prod22,vs2k8-prod22,vs2k8-prod23,vs2k8-prod38,vs2k8-prod50,vs2k8-prod60,VS2K8-PROD60I,vs3k-prod16,vs3k-prod24,S2K8-PROD13,s2k8-prod02
Grupo BancoEstado,BancoEstado,WEB Minorista BL,Banca En Linea,Infraestructura,Capa de Datos,Morande,IDG,S.O,VS3K-IDG01,VS3K-IDG02,VS3K-IDG03,VS3K-IDG04,VS3K-IDG05,VS3K-IDG06
Grupo BancoEstado,BancoEstado,WEB Minorista BL,Banca En Linea,Infraestructura,Capa de Datos,Morande,IDG,Tomcat,VS3K-IDG01,VS3K-IDG02,VS3K-IDG03,VS3K-IDG04,VS3K-IDG05,VS3K-IDG06
Grupo BancoEstado,BancoEstado,WEB Minorista BL,Banca En Linea,Experiencia Usuaria
Grupo BancoEstado,BancoEstado,WEB Mayorista,Banca en Linea Empresa,Infraestructura,Capa de presentación(Sitio Publico),Morande,Frond-End,IIS,vs3k-web132,vs3k-web133,vs3k-web134,vs3k-web135,vs3k-web136,vs3k-web148,vs3k-web149,vs3k-web150,vs3k-web151,vs3k-web152,vs3k-web153,vs3k-web154,vs3k-web155,vs3k-web156,vs3k-web157,vs3k-web158,vs3k-web159,vs3k-web160,vs3k-web161,vs3k-web162,vs3k-web163,vs3k-web164,vs3k-web165,vs3k-web166,vs3k-web167,vs3k-web168,vs3k-web169,vs3k-web300,vs3k-web301,vs3k-web302,vs3k-web303,vs3k-web304
Grupo BancoEstado,BancoEstado,WEB Mayorista,Banca en Linea Empresa,Infraestructura,Capa de presentación(Sitio Publico),Morande,Frond-End,S.O,vs3k-web132,vs3k-web133,vs3k-web134,vs3k-web135,vs3k-web136,vs3k-web148,vs3k-web149,vs3k-web150,vs3k-web151,vs3k-web152,vs3k-web153,vs3k-web154,vs3k-web155,vs3k-web156,vs3k-web157,vs3k-web158,vs3k-web159,vs3k-web160,vs3k-web161,vs3k-web162,vs3k-web163,vs3k-web164,vs3k-web165,vs3k-web166,vs3k-web167,vs3k-web168,vs3k-web169,vs3k-web300,vs3k-web301,vs3k-web302,vs3k-web303,vs3k-web304
Grupo BancoEstado,BancoEstado,WEB Mayorista,Banca en Linea Empresa,Infraestructura,Capa de presentación(Sitio Publico),IBM,Frond-End,S.O,vs3k-web132i,vs3k-web133i,vs3k-web134i,vs3k-web135i,vs3k-web136i,vs3k-web148i,vs3k-web149i,vs3k-web150i,vs3k-web151i,vs3k-web152i,vs3k-web153i,vs3k-web154i,vs3k-web155i,vs3k-web156i,vs3k-web157i,vs3k-web158i,vs3k-web159i,vs3k-web160i,vs3k-web161i,vs3k-web162i,vs3k-web163i,vs3k-web164i,vs3k-web165i,vs3k-web166i,vs3k-web167i,vs3k-web168i,vs3k-web169i,vs3k-web300i,vs3k-web301i,vs3k-web302i,vs3k-web303i,vs3k-web304i
Grupo BancoEstado,BancoEstado,WEB Mayorista,Banca en Linea Empresa,Infraestructura,Capa de presentación(Sitio Publico),IBM,Frond-End,IIS,vs3k-web132i,vs3k-web133i,vs3k-web134i,vs3k-web135i,vs3k-web136i,vs3k-web148i,vs3k-web149i,vs3k-web150i,vs3k-web151i,vs3k-web152i,vs3k-web153i,vs3k-web154i,vs3k-web155i,vs3k-web156i,vs3k-web157i,vs3k-web158i,vs3k-web159i,vs3k-web160i,vs3k-web161i,vs3k-web162i,vs3k-web163i,vs3k-web164i,vs3k-web165i,vs3k-web166i,vs3k-web167i,vs3k-web168i,vs3k-web169i,vs3k-web300i,vs3k-web301i,vs3k-web302i,vs3k-web303i,vs3k-web304i
Grupo BancoEstado,BancoEstado,WEB Mayorista,Banca en Linea Empresa,Infraestructura,Capa de Negocio,Morande,linea de Negocio,S.O,VS3K-WEB22,VS3K-WEB23,VS3K-WEB24,VS3K-WEB25,VS3K-WEB26,VS3K-WEB27,VS3K-WEB28,VS3K-WEB29,VS3K-WEB30,VS3K-webservi,S2k-APLDEMON
Grupo BancoEstado,BancoEstado,WEB Mayorista,Banca en Linea Empresa,Infraestructura,Capa de Negocio,Morande,linea de Negocio,IIS,VS3K-WEB22,VS3K-WEB23,VS3K-WEB24,VS3K-WEB25,VS3K-WEB26,VS3K-WEB27,VS3K-WEB28,VS3K-WEB29,VS3K-WEB30,VS3K-webservi
Grupo BancoEstado,BancoEstado,WEB Mayorista,Banca en Linea Empresa,Infraestructura,Capa de Negocio,Morande,CORREO,Exchange,S2k8-Correo1a,S2k8-Correo1b,S2k8-Correo2a,S2k8-Correo2b,S2k8-Correo3a,S2k8-Correo3b,S2K8-correo5a,S2K8-correo5b,S2K8-EXCHT1,S2K8-EXCHT1i,S2K8-EXCHT2,S2K8-EXCHT2i,S2K8-EXCHT3,S2K8-EXCHT3i,S2K8-EXCHT4
Grupo BancoEstado,BancoEstado,WEB Mayorista,Banca en Linea Empresa,Infraestructura,Capa de Negocio,Morande,CORREO,S.O,VS3K-Sendmail1,VS3K-Sendmail2,s2k8-excmb3.banco.bestado.cl,s2k8-excmb5.banco.bestado.cl,S2k8-Correo1a,S2k8-Correo1b,S2k8-Correo2a,S2k8-Correo2b,S2k8-Correo3a,S2k8-Correo3b,S2K8-correo5a,S2K8-correo5b,s2k8-excmb3,S2K8-EXCHT1,S2K8-EXCHT1i,S2K8-EXCHT2,S2K8-EXCHT2i,S2K8-EXCHT3,S2K8-EXCHT3i,S2K8-EXCHT4
Grupo BancoEstado,BancoEstado,WEB Mayorista,Banca en Linea Empresa,Infraestructura,Capa de Negocio,IBM,linea de Negocio,S.O,VS3K-WEB22I,VS3K-WEB23I,VS3K-WEB24I,VS3K-WEB25I,VS3K-WEB26I,VS3K-WEB27I,VS3K-WEB28I,VS3K-WEB29I,VS3K-WEB30I,VS3K-webservii
Grupo BancoEstado,BancoEstado,WEB Mayorista,Banca en Linea Empresa,Infraestructura,Capa de Negocio,IBM,linea de Negocio,IIS,VS3K-WEB22I,VS3K-WEB23I,VS3K-WEB24I,VS3K-WEB25I,VS3K-WEB26I,VS3K-WEB27I,VS3K-WEB28I,VS3K-WEB29I,VS3K-WEB30I,VS3K-webservii
Grupo BancoEstado,BancoEstado,WEB Mayorista,Banca en Linea Empresa,Infraestructura,Capa de Datos,Morande,Datos,S.O,vs2k8_inetdatos,SRV-RECURSOS,S2K8-PROD13,s2k8-prod02,s2k8-prod25,srv_cet,srv_prod04,vs2k8-datosweb01,vs2k8-prod15,vs2k8-prod22,vs2k8-prod23,vs2k8-prod38,vs2k8-prod50,vs2k8-prod60,VS2K8-PROD60I,vs3k-prod16,vs3k-prod24,S2K8-PROD13,s2k8-prod02,s2k-apldemon
Grupo BancoEstado,BancoEstado,WEB Mayorista,Banca en Linea Empresa,Infraestructura,Capa de Datos,Morande,Datos,SQLServer,vs2k8_inetdatos,VS3K-Sendmail1,VS3K-Sendmail2,s2k8-prod02,S2K8-PROD13,s2k8-prod25,srv_prod04,vs2k8-prod15,vs2k8-prod22,vs2k8-prod22,vs2k8-prod23,vs2k8-prod38,vs2k8-prod50,vs2k8-prod60,VS2K8-PROD60I,vs3k-prod16,vs3k-prod24,S2K8-PROD13,s2k8-prod02
Grupo BancoEstado,BancoEstado,WEB Mayorista,Banca en Linea Empresa,Infraestructura,Capa de Datos,Morande,IDG,S.O,VS3K-IDG01,VS3K-IDG02,VS3K-IDG03,VS3K-IDG04,VS3K-IDG05,VS3K-IDG06
Grupo BancoEstado,BancoEstado,WEB Mayorista,Banca en Linea Empresa,Infraestructura,Capa de Datos,Morande,IDG,Tomcat,VS3K-IDG01,VS3K-IDG02,VS3K-IDG03,VS3K-IDG04,VS3K-IDG05,VS3K-IDG06
Grupo BancoEstado,BancoEstado,WEB Mayorista,Banca en Linea Empresa,Experiencia Usuaria